NAME_CONTRACT_TYPE,TARGET
Cash loans,0.08345912763449208
Revolving loans,0.05478329177909082
